"","Sample.Key","Type","Site","Analyst","Mass.of.Soil","Total.Volume","Concentration","metal","CPS","RSD"
"1",6,"Sample","C","MRMJ",1.5009,45,NA,"Cr53",0.239986153226311,0.399571413656297
"2",6,"Sample","C","MRMJ",1.5009,45,NA,"Cd111",0.0033962456386282,6.82365692481553
"3",6,"Sample","C","MRMJ",1.5009,45,NA,"Cr52",1.96511777822544,0.439949975435328
"4",6,"Sample","C","MRMJ",1.5009,45,NA,"Cd114",0.011823345397584,1.95247380630831
"5",6,"Sample","C","MRMJ",1.5009,45,NA,"As75",0.0341346374264537,2.01832238919667
"6",6,"Sample","C","MRMJ",1.5009,45,NA,"Pb208",5.55775150496329,1.00540330369183
"7",7,"Sample","MB","MRMJ",0,45,NA,"Pb208",0.0108111407613155,55.8259362906601
"8",7,"Sample","MB","MRMJ",0,45,NA,"As75",0.00559475066644114,2.66249534789139
"9",7,"Sample","MB","MRMJ",0,45,NA,"Cr53",0.0131886150745002,5.24752240794276
"10",7,"Sample","MB","MRMJ",0,45,NA,"Cd114",0.000803037694917434,36.8798382184987
"11",7,"Sample","MB","MRMJ",0,45,NA,"Cr52",0.107136663181276,4.37681442278302
"12",7,"Sample","MB","MRMJ",0,45,NA,"Cd111",0.000388332142802226,106.42522280842
"13",8,"Sample","E","ARG",1.5423,50,NA,"As75",0.0255988312747231,0.474078427116551
"14",8,"Sample","E","ARG",1.5423,50,NA,"Cd111",0.0023121536414962,9.32945338750535
"15",8,"Sample","E","ARG",1.5423,50,NA,"Cr52",0.858528412505245,0.44406668287492
"16",8,"Sample","E","ARG",1.5423,50,NA,"Pb208",2.25952996915332,0.493147160023496
"17",8,"Sample","E","ARG",1.5423,50,NA,"Cr53",0.104492945355755,0.0862769549504175
"18",8,"Sample","E","ARG",1.5423,50,NA,"Cd114",0.00622053976655978,0.649528384497309
"19",9,"Sample","MB","ARG",0,50,NA,"As75",0.00601797218883228,4.84860767189493
"20",9,"Sample","MB","ARG",0,50,NA,"Pb208",0.0200253059606874,1.81240981031622
"21",9,"Sample","MB","ARG",0,50,NA,"Cr53",0.0127409621781059,1.30057115231035
"22",9,"Sample","MB","ARG",0,50,NA,"Cd114",0.0010393003197976,1.25382651788342
"23",9,"Sample","MB","ARG",0,50,NA,"Cr52",0.105619507606532,1.48358454178944
"24",9,"Sample","MB","ARG",0,50,NA,"Cd111",0.000357853125849255,18.742985078175
"25",10,"Sample","F","CYT",1.4935,46,NA,"Cr53",0.0360836745943431,0.270455082534076
"26",10,"Sample","F","CYT",1.4935,46,NA,"Pb208",0.559189528780998,0.460066460915433
"27",10,"Sample","F","CYT",1.4935,46,NA,"Cd111",0.00112127211004283,16.1324548399001
"28",10,"Sample","F","CYT",1.4935,46,NA,"As75",0.0127343981672634,0.0389116448299085
"29",10,"Sample","F","CYT",1.4935,46,NA,"Cd114",0.00281223431159872,0.715780548908414
"30",10,"Sample","F","CYT",1.4935,46,NA,"Cr52",0.297503693986963,0.481161667848264
"31",11,"Sample","MB","CYT",0,46,NA,"Pb208",0.0153832943644901,4.29270199522973
"32",11,"Sample","MB","CYT",0,46,NA,"Cr52",0.121507215575874,0.732503682533621
"33",11,"Sample","MB","CYT",0,46,NA,"Cd114",0.000564974408496985,10.1904863216506
"34",11,"Sample","MB","CYT",0,46,NA,"Cd111",0.000155248057159748,58.9849934578543
"35",11,"Sample","MB","CYT",0,46,NA,"As75",0.00599926175665269,12.358968535156
"36",11,"Sample","MB","CYT",0,46,NA,"Cr53",0.0143719934374109,2.21746241033156
"37",12,"Sample","F","DJHR",1.516,43,NA,"Cr52",0.920569867808142,0.491847907040392
"38",12,"Sample","F","DJHR",1.516,43,NA,"Cd111",0.00225805159704654,9.74068479994447
"39",12,"Sample","F","DJHR",1.516,43,NA,"Cd114",0.00659538169498042,3.06027148930931
"40",12,"Sample","F","DJHR",1.516,43,NA,"As75",0.0364409232902763,1.62021984801796
"41",12,"Sample","F","DJHR",1.516,43,NA,"Pb208",2.47192504848637,0.380941168000816
"42",12,"Sample","F","DJHR",1.516,43,NA,"Cr53",0.112047617903398,0.427428593068195
"43",13,"Sample","QC","DJHR",1.4923,43,NA,"Cd114",0.125085813297278,2.95943992743923
"44",13,"Sample","QC","DJHR",1.4923,43,NA,"Pb208",25.0997930611472,5.99408955156184
"45",13,"Sample","QC","DJHR",1.4923,43,NA,"Cr53",0.428544775354104,1.04838167176503
"46",13,"Sample","QC","DJHR",1.4923,43,NA,"Cr52",3.51907785571958,1.74020201782503
"47",13,"Sample","QC","DJHR",1.4923,43,NA,"Cd111",0.047812501251638,8.87057036083721
"48",13,"Sample","QC","DJHR",1.4923,43,NA,"As75",0.105680831561084,5.50268186120464
"49",14,"Sample","D","CAG",1.50621,50,NA,"As75",0.0220242567675904,0.659227770034353
"50",14,"Sample","D","CAG",1.50621,50,NA,"Cd114",0.0115101410224326,1.58849490403459
"51",14,"Sample","D","CAG",1.50621,50,NA,"Cr53",0.124317157816081,0.197386835123198
"52",14,"Sample","D","CAG",1.50621,50,NA,"Pb208",2.79603540004199,0.347974591088561
"53",14,"Sample","D","CAG",1.50621,50,NA,"Cr52",1.00979276977879,0.229215192547585
"54",14,"Sample","D","CAG",1.50621,50,NA,"Cd111",0.00301824185423762,3.30070472495406
"55",15,"Sample","QC","CAG",1.48989,50,NA,"Pb208",25.2453711233661,0.550415482602013
"56",15,"Sample","QC","CAG",1.48989,50,NA,"As75",0.105893510686526,0.320439262321912
"57",15,"Sample","QC","CAG",1.48989,50,NA,"Cr53",0.43142736036266,0.214561112819567
"58",15,"Sample","QC","CAG",1.48989,50,NA,"Cd111",0.0461030278593307,1.46509643218673
"59",15,"Sample","QC","CAG",1.48989,50,NA,"Cd114",0.121890264815737,0.248982815615645
"60",15,"Sample","QC","CAG",1.48989,50,NA,"Cr52",3.5120846706817,0.533998927683943
"61",16,"Sample","F","JHV",1.5063,45,NA,"Cd114",0.00813445932193722,3.05231537898228
"62",16,"Sample","F","JHV",1.5063,45,NA,"Cd111",0.0027234303372798,5.74860446924834
"63",16,"Sample","F","JHV",1.5063,45,NA,"Pb208",3.29394456865724,0.867016428394561
"64",16,"Sample","F","JHV",1.5063,45,NA,"As75",0.0479478166357049,0.140476399181377
"65",16,"Sample","F","JHV",1.5063,45,NA,"Cr52",1.27373061253778,0.927604264004839
"66",16,"Sample","F","JHV",1.5063,45,NA,"Cr53",0.154026132052872,0.443390039235114
"67",17,"Sample","QC","JHV",1.5236,45,NA,"Cd114",0.135825364619047,0.781079130761906
"68",17,"Sample","QC","JHV",1.5236,45,NA,"Cd111",0.0532937264790605,3.21297401429214
"69",17,"Sample","QC","JHV",1.5236,45,NA,"Pb208",28.337857215089,0.956074780202545
"70",17,"Sample","QC","JHV",1.5236,45,NA,"As75",0.120205743653166,1.07760746813175
"71",17,"Sample","QC","JHV",1.5236,45,NA,"Cr52",4.00221248064462,1.44198490578173
"72",17,"Sample","QC","JHV",1.5236,45,NA,"Cr53",0.491530888162436,0.836391028415578
"73",18,"Sample","D","SJB",1.55,45,NA,"Cr53",0.126633988573814,1.62596927671482
"74",18,"Sample","D","SJB",1.55,45,NA,"Cr52",1.03636654267685,1.97976063630436
"75",18,"Sample","D","SJB",1.55,45,NA,"Pb208",2.64709571066123,0.529554393845091
"76",18,"Sample","D","SJB",1.55,45,NA,"Cd114",0.0119983955048352,2.06621596257211
"77",18,"Sample","D","SJB",1.55,45,NA,"Cd111",0.00279036409470711,24.9446435598486
"78",18,"Sample","D","SJB",1.55,45,NA,"As75",0.0259657040769997,1.86086669046604
"79",19,"Sample","QC","SJB",1.53,45,NA,"Cr52",2.85159334436487,0.256192595620065
"80",19,"Sample","QC","SJB",1.53,45,NA,"Cr53",0.348982092065349,0.0606606823742651
"81",19,"Sample","QC","SJB",1.53,45,NA,"Cd111",0.0493106169912958,2.13997630345448
"82",19,"Sample","QC","SJB",1.53,45,NA,"Pb208",26.6494804436738,0.355519021441219
"83",19,"Sample","QC","SJB",1.53,45,NA,"As75",0.085960014421115,0.526068181384637
"84",19,"Sample","QC","SJB",1.53,45,NA,"Cd114",0.125080414448584,0.203902412555882
"85",20,"Sample","MB","MD",0,50,NA,"As75",0.00669517765454298,1.40375855288513
"86",20,"Sample","MB","MD",0,50,NA,"Cr53",0.0136542376439606,3.33847085735653
"87",20,"Sample","MB","MD",0,50,NA,"Cd114",0.000764200699253623,13.2159493604322
"88",20,"Sample","MB","MD",0,50,NA,"Cd111",0.000271343020838143,29.7055306340014
"89",20,"Sample","MB","MD",0,50,NA,"Cr52",0.111744762292402,3.29593950179551
"90",20,"Sample","MB","MD",0,50,NA,"Pb208",0.0152995683916309,5.47877937910735
"91",21,"Sample","D","MD",1.5756,50,NA,"Cr53",0.0687614721217896,0.826363568807898
"92",21,"Sample","D","MD",1.5756,50,NA,"As75",0.0175492883723635,2.00513197239373
"93",21,"Sample","D","MD",1.5756,50,NA,"Cd111",0.00304820951773118,18.8180618776832
"94",21,"Sample","D","MD",1.5756,50,NA,"Pb208",6.21982260442536,0.692261073470162
"95",21,"Sample","D","MD",1.5756,50,NA,"Cr52",0.567338197606067,0.873137914741284
"96",21,"Sample","D","MD",1.5756,50,NA,"Cd114",0.00730065488818596,2.19129617445994
"97",22,"Sample","E","SEP",1.6,44,NA,"Pb208",2.80412320825117,0.332180302465144
"98",22,"Sample","E","SEP",1.6,44,NA,"Cd114",0.00938435716004957,0.676508542884181
"99",22,"Sample","E","SEP",1.6,44,NA,"As75",0.0483763489214553,0.673245263571114
"100",22,"Sample","E","SEP",1.6,44,NA,"Cr53",0.223452888183183,0.22521311840171
"101",22,"Sample","E","SEP",1.6,44,NA,"Cd111",0.00290721293348705,3.95163079822893
"102",22,"Sample","E","SEP",1.6,44,NA,"Cr52",1.82041204546551,0.426291217324542
"103",23,"Sample","QC","SEP",1.0136,42.5,NA,"Cr52",3.03918909857616,0.64041321339924
"104",23,"Sample","QC","SEP",1.0136,42.5,NA,"Cd114",0.101357265072159,1.29409283551852
"105",23,"Sample","QC","SEP",1.0136,42.5,NA,"As75",0.0877475984687647,0.163405845297905
"106",23,"Sample","QC","SEP",1.0136,42.5,NA,"Cd111",0.0385706770624607,5.29196506532562
"107",23,"Sample","QC","SEP",1.0136,42.5,NA,"Cr53",0.369040726054923,0.8623979071653
"108",23,"Sample","QC","SEP",1.0136,42.5,NA,"Pb208",19.9836612537145,1.68389879011064
"109",24,"Sample","C","SGB",1.5074,44,NA,"Cd111",0.00454002025240298,6.93357503790831
"110",24,"Sample","C","SGB",1.5074,44,NA,"Cd114",0.0170202872690996,1.0085229221541
"111",24,"Sample","C","SGB",1.5074,44,NA,"Cr53",0.447626930032611,0.303706669548072
"112",24,"Sample","C","SGB",1.5074,44,NA,"As75",0.0513530152209581,1.09155480280886
"113",24,"Sample","C","SGB",1.5074,44,NA,"Cr52",3.64282196773885,0.820293168725004
"114",24,"Sample","C","SGB",1.5074,44,NA,"Pb208",6.78969447927168,0.657372201527039
"115",25,"Sample","MB","SGB",0,44.5,NA,"Cr53",0.0176160573053853,1.0742020442654
"116",25,"Sample","MB","SGB",0,44.5,NA,"As75",0.00499238584487574,2.87276439000212
"117",25,"Sample","MB","SGB",0,44.5,NA,"Cr52",0.13995047623506,1.5928197189139
"118",25,"Sample","MB","SGB",0,44.5,NA,"Cd111",0.00124957845034227,7.59029356224986
"119",25,"Sample","MB","SGB",0,44.5,NA,"Pb208",0.158160331794723,1.48150925320749
"120",25,"Sample","MB","SGB",0,44.5,NA,"Cd114",0.00371085744933003,0.255262745755276
"121",26,"Sample","C","AWB",1.5115,42.5,NA,"Cd111",0.00343509961803828,6.73973518578808
"122",26,"Sample","C","AWB",1.5115,42.5,NA,"Cd114",0.0105281314027902,0.694421399831347
"123",26,"Sample","C","AWB",1.5115,42.5,NA,"Pb208",5.47473846374044,1.04778745653333
"124",26,"Sample","C","AWB",1.5115,42.5,NA,"Cr53",0.245408855954449,0.922738421686908
"125",26,"Sample","C","AWB",1.5115,42.5,NA,"As75",0.0248456335722799,2.46906909346824
"126",26,"Sample","C","AWB",1.5115,42.5,NA,"Cr52",2.00112733669281,1.18545406168084
"127",27,"Sample","QC","AWB",1.5794,43.5,NA,"Cd114",0.134933117282683,0.151840563567475
"128",27,"Sample","QC","AWB",1.5794,43.5,NA,"Pb208",29.3382034238153,0.688291627025112
"129",27,"Sample","QC","AWB",1.5794,43.5,NA,"As75",0.119033759423128,0.486211342614213
"130",27,"Sample","QC","AWB",1.5794,43.5,NA,"Cd111",0.0539742509101673,2.38388202396907
"131",27,"Sample","QC","AWB",1.5794,43.5,NA,"Cr53",0.496320053474168,0.186563292508552
"132",27,"Sample","QC","AWB",1.5794,43.5,NA,"Cr52",4.07392220140441,0.184129299225189
"133",38,"Sample","C","GB",1.5127,50,NA,"Cr52",2.48263318429705,0.433072528232112
"134",38,"Sample","C","GB",1.5127,50,NA,"Cd111",0.00401689134508795,11.411233312943
"135",38,"Sample","C","GB",1.5127,50,NA,"As75",0.0256862043288799,2.14977951757882
"136",38,"Sample","C","GB",1.5127,50,NA,"Pb208",6.39671578234457,0.533826915643708
"137",38,"Sample","C","GB",1.5127,50,NA,"Cd114",0.00970307639751656,1.82562059074833
"138",38,"Sample","C","GB",1.5127,50,NA,"Cr53",0.301909048701605,0.77548434676951
"139",39,"Sample","QC","GB",1.5554,45,NA,"Pb208",20.7283737652173,1.44802631975712
"140",39,"Sample","QC","GB",1.5554,45,NA,"Cr53",0.370599543513019,0.496032639952448
"141",39,"Sample","QC","GB",1.5554,45,NA,"As75",0.0909773971010874,2.58972675703014
"142",39,"Sample","QC","GB",1.5554,45,NA,"Cd111",0.0396395449939991,3.59503962903584
"143",39,"Sample","QC","GB",1.5554,45,NA,"Cd114",0.102404519287301,1.89192024368959
"144",39,"Sample","QC","GB",1.5554,45,NA,"Cr52",3.02807804873405,0.789347242862859
"145",40,"Sample","B","AB",1.5378,50,NA,"As75",0.0257915938123554,1.04226420590065
"146",40,"Sample","B","AB",1.5378,50,NA,"Cd111",0.00243173156822066,6.1674951326564
"147",40,"Sample","B","AB",1.5378,50,NA,"Cr53",0.114708170634082,0.291800402734333
"148",40,"Sample","B","AB",1.5378,50,NA,"Pb208",3.05137724105822,0.737673720847861
"149",40,"Sample","B","AB",1.5378,50,NA,"Cd114",0.0115372138465248,0.362517008436966
"150",40,"Sample","B","AB",1.5378,50,NA,"Cr52",0.943902969867106,0.570936121450536
"151",41,"Sample","B","LF",1.4587,45,NA,"Cd111",0.00357293252525526,17.9939524934935
"152",41,"Sample","B","LF",1.4587,45,NA,"As75",0.0372354192967814,2.04705303154533
"153",41,"Sample","B","LF",1.4587,45,NA,"Cr53",0.155826518711798,0.93742903146654
"154",41,"Sample","B","LF",1.4587,45,NA,"Cr52",1.26971609424646,1.08160894352857
"155",41,"Sample","B","LF",1.4587,45,NA,"Cd114",0.0210557448506945,2.29639851040356
"156",41,"Sample","B","LF",1.4587,45,NA,"Pb208",18.9220889367676,2.85645699333373
"157",42,"Sample","MB","LF",0,45,NA,"As75",0.00740376140789327,6.57959412930014
"158",42,"Sample","MB","LF",0,45,NA,"Cr53",0.0131559751178072,5.24443656991918
"159",42,"Sample","MB","LF",0,45,NA,"Cd111",0.000207773488753176,79.4838717371034
"160",42,"Sample","MB","LF",0,45,NA,"Cr52",0.110572803510369,2.73901944847145
"161",42,"Sample","MB","LF",0,45,NA,"Pb208",0.0133570261257847,12.0830000914463
"162",42,"Sample","MB","LF",0,45,NA,"Cd114",0.000704880575730003,19.1430918666409
"163",43,"Sample","MB","AB",0,45,NA,"Cr53",0.0128905360208768,1.54006537309818
"164",43,"Sample","MB","AB",0,45,NA,"Cr52",0.103662633688163,1.08498163527604
"165",43,"Sample","MB","AB",0,45,NA,"Cd114",0.000983220156940129,8.62004521979258
"166",43,"Sample","MB","AB",0,45,NA,"Pb208",0.0318395706957599,1.17416146251242
"167",43,"Sample","MB","AB",0,45,NA,"As75",0.0062892305388354,1.10605975778372
"168",43,"Sample","MB","AB",0,45,NA,"Cd111",0.000303238956802547,18.617526879072
"169",44,"Sample","QC","KAD",1.5598,50,NA,"Pb208",28.5633296042909,0.0707294686095805
"170",44,"Sample","QC","KAD",1.5598,50,NA,"Cr53",0.520394772130928,0.206277065997294
"171",44,"Sample","QC","KAD",1.5598,50,NA,"As75",0.123278455348147,0.744165726029104
"172",44,"Sample","QC","KAD",1.5598,50,NA,"Cr52",4.24667423077627,0.536678132131783
"173",44,"Sample","QC","KAD",1.5598,50,NA,"Cd114",0.141630390012311,0.938195639657587
"174",44,"Sample","QC","KAD",1.5598,50,NA,"Cd111",0.0535405152388095,2.42175244118928
"175",45,"Sample","B","KAD",1.54,45,NA,"Cr53",0.159919544608187,1.05567457752903
"176",45,"Sample","B","KAD",1.54,45,NA,"Cr52",1.30198116006529,0.482208468705169
"177",45,"Sample","B","KAD",1.54,45,NA,"Pb208",5.49758685661816,2.33105407104844
"178",45,"Sample","B","KAD",1.54,45,NA,"Cd111",0.00442873195257879,90.2777640472874
"179",45,"Sample","B","KAD",1.54,45,NA,"As75",0.0322745899242351,2.54376570138877
"180",45,"Sample","B","KAD",1.54,45,NA,"Cd114",0.0166761964616001,4.15266003518627
"181",46,"Sample","A","LML",1.57641,43,NA,"Cr53",0.219701631162435,0.53415104266701
"182",46,"Sample","A","LML",1.57641,43,NA,"Pb208",7.19499458358276,0.483609718403647
"183",46,"Sample","A","LML",1.57641,43,NA,"Cr52",1.77533990432494,0.72741738465029
"184",46,"Sample","A","LML",1.57641,43,NA,"Cd114",0.0124869762163678,2.67486371136285
"185",46,"Sample","A","LML",1.57641,43,NA,"As75",0.0244807168078785,2.21428630429238
"186",46,"Sample","A","LML",1.57641,43,NA,"Cd111",0.00295424420667321,13.2308977705564
"187",47,"Sample","QC","LML",1.54717,43,NA,"Cr53",0.530270469764641,2.19577258428633
"188",47,"Sample","QC","LML",1.54717,43,NA,"Cr52",4.34563932429953,0.809516763428281
"189",47,"Sample","QC","LML",1.54717,43,NA,"Cd111",0.0549906999815834,5.1315577166418
"190",47,"Sample","QC","LML",1.54717,43,NA,"As75",0.123087936184004,0.619550393233227
"191",47,"Sample","QC","LML",1.54717,43,NA,"Cd114",0.141404705335408,1.04592012971886
"192",47,"Sample","QC","LML",1.54717,43,NA,"Pb208",29.2760939381194,1.61325636875645
"193",48,"Sample","A","AH",1.5,43.7,NA,"As75",0.0228010763087132,2.19041435259294
"194",48,"Sample","A","AH",1.5,43.7,NA,"Pb208",5.44768672927226,0.761822458064522
"195",48,"Sample","A","AH",1.5,43.7,NA,"Cr53",0.275076685478027,0.134128852990125
"196",48,"Sample","A","AH",1.5,43.7,NA,"Cd111",0.00268211510382495,5.0898243864396
"197",48,"Sample","A","AH",1.5,43.7,NA,"Cr52",2.24092218478958,0.488868109592727
"198",48,"Sample","A","AH",1.5,43.7,NA,"Cd114",0.0113880603969248,2.46139673975355
"199",49,"Sample","MB","AH",0,45,NA,"Cd114",0.000765396399811286,2.81102164505519
"200",49,"Sample","MB","AH",0,45,NA,"Cd111",0.000143859820705522,30.3714252910022
"201",49,"Sample","MB","AH",0,45,NA,"Cr53",0.0136814444607783,0.669200402956908
"202",49,"Sample","MB","AH",0,45,NA,"As75",0.00525293366278572,1.06289990972201
"203",49,"Sample","MB","AH",0,45,NA,"Cr52",0.109662575991602,0.994112524235184
"204",49,"Sample","MB","AH",0,45,NA,"Pb208",0.0157700663401483,2.86311281963299
"205",50,"Sample","MB","LG",0,45.2,NA,"Cd111",0.000136020425915319,4.93654672832933
"206",50,"Sample","MB","LG",0,45.2,NA,"Cd114",0.000389925221002588,1.2435109926391
"207",50,"Sample","MB","LG",0,45.2,NA,"Cr52",0.113366813396434,0.111010268118594
"208",50,"Sample","MB","LG",0,45.2,NA,"As75",0.00536985971397353,0.527024580858142
"209",50,"Sample","MB","LG",0,45.2,NA,"Pb208",0.0123183724924805,0.897198107929383
"210",50,"Sample","MB","LG",0,45.2,NA,"Cr53",0.013892672906105,0.222184814876405
"211",51,"Sample","C","LG",1.5038,45,NA,"Cd111",0.00268491357239767,30.3721581886417
"212",51,"Sample","C","LG",1.5038,45,NA,"Cr52",0.78815309197868,2.43095332846543
"213",51,"Sample","C","LG",1.5038,45,NA,"As75",0.0320947524140453,5.84955959392423
"214",51,"Sample","C","LG",1.5038,45,NA,"Cd114",0.0268334189356443,4.23073353311806
"215",51,"Sample","C","LG",1.5038,45,NA,"Cr53",0.0967935070240599,0.080868678703909
"216",51,"Sample","C","LG",1.5038,45,NA,"Pb208",4.68367952212092,1.49372900569325
"217",52,"Sample","B","MF",1.4581,18,NA,"As75",0.0364030733927213,0.285714285714286
"218",52,"Sample","B","MF",1.4581,18,NA,"Cd114",0.0215136002982952,0.380952380952381
"219",52,"Sample","B","MF",1.4581,18,NA,"Cr53",0.177808070630912,0.238095238095238
"220",52,"Sample","B","MF",1.4581,18,NA,"Cd111",0.00432505749223768,3.04761904761905
"221",52,"Sample","B","MF",1.4581,18,NA,"Pb208",10.9403725665586,0.523809523809524
"222",52,"Sample","B","MF",1.4581,18,NA,"Cr52",1.46371815862205,0.476190476190476
"223",53,"Sample","QC","MF",1.5916,22,NA,"Pb208",25.290535066399,0.666666666666667
"224",53,"Sample","QC","MF",1.5916,22,NA,"Cr53",0.550902962148715,0.466666666666667
"225",53,"Sample","QC","MF",1.5916,22,NA,"As75",0.132418550866527,0.333333333333333
"226",53,"Sample","QC","MF",1.5916,22,NA,"Cd111",0.0539697687950623,1.46666666666667
"227",53,"Sample","QC","MF",1.5916,22,NA,"Cd114",0.134028123520569,0.333333333333333
"228",53,"Sample","QC","MF",1.5916,22,NA,"Cr52",4.52076145363403,0.4
"229",54,"Sample","A","LAK",1.5235,40,NA,"Cd114",0.0092443729903537,1.5
"230",54,"Sample","A","LAK",1.5235,40,NA,"Pb208",3.93496735021477,0.285714285714286
"231",54,"Sample","A","LAK",1.5235,40,NA,"As75",0.0270061781915289,3
"232",54,"Sample","A","LAK",1.5235,40,NA,"Cd111",0.00242235147815833,5.5
"233",54,"Sample","A","LAK",1.5235,40,NA,"Cr52",1.29030848844871,0.642857142857143
"234",54,"Sample","A","LAK",1.5235,40,NA,"Cr53",0.156145244477034,0.5
"235",55,"Sample","MB","LAK",0,45,NA,"Cd111",0.000123037974932735,115.4
"236",55,"Sample","MB","LAK",0,45,NA,"Cd114",0.000466190887020133,8
"237",55,"Sample","MB","LAK",0,45,NA,"Pb208",0.062736325190352,5.8
"238",55,"Sample","MB","LAK",0,45,NA,"As75",0.00900527242330182,8.4
"239",55,"Sample","MB","LAK",0,45,NA,"Cr52",0.112024845796506,4.4
"240",55,"Sample","MB","LAK",0,45,NA,"Cr53",0.013753430913931,3.4
"241",56,"Sample","A","AVM",1.5375,47,NA,"Cr52",1.25590224674887,1.625
"242",56,"Sample","A","AVM",1.5375,47,NA,"Cd111",0.00306918711498527,10
"243",56,"Sample","A","AVM",1.5375,47,NA,"Cr53",0.154624713626377,0.5625
"244",56,"Sample","A","AVM",1.5375,47,NA,"Cd114",0.020180495893568,1.6875
"245",56,"Sample","A","AVM",1.5375,47,NA,"Pb208",17.4553882434137,3
"246",56,"Sample","A","AVM",1.5375,47,NA,"As75",0.0377362038787435,0.25
"247",57,"Sample","QC","AVM",1.5167,45,NA,"As75",0.11753764945743,3.25
"248",57,"Sample","QC","AVM",1.5167,45,NA,"Cr53",0.487509716251635,1.5
"249",57,"Sample","QC","AVM",1.5167,45,NA,"Cd111",0.0477973198050212,4
"250",57,"Sample","QC","AVM",1.5167,45,NA,"Pb208",21.3845703043294,2.5
"251",57,"Sample","QC","AVM",1.5167,45,NA,"Cr52",3.99618025747848,2.75
"252",57,"Sample","QC","AVM",1.5167,45,NA,"Cd114",0.123024717041961,1.5
"253",58,"Sample","B","SS",1.5363,42.5,NA,"Cd111",0.00292360863929642,6.8
"254",58,"Sample","B","SS",1.5363,42.5,NA,"Cr52",1.56494526595568,0.466666666666667
"255",58,"Sample","B","SS",1.5363,42.5,NA,"Cd114",0.0122581324151338,0.733333333333333
"256",58,"Sample","B","SS",1.5363,42.5,NA,"Cr53",0.190877005644921,0.6
"257",58,"Sample","B","SS",1.5363,42.5,NA,"Pb208",4.29589111174323,0.466666666666667
"258",58,"Sample","B","SS",1.5363,42.5,NA,"As75",0.0290059904377383,1.13333333333333
"259",59,"Sample","QC","SS",1.5578,42.8,NA,"Cd114",0.133692929906629,0.6
"260",59,"Sample","QC","SS",1.5578,42.8,NA,"Cd111",0.0532578096688394,3.2
"261",59,"Sample","QC","SS",1.5578,42.8,NA,"Pb208",23.3587816467288,1.4
"262",59,"Sample","QC","SS",1.5578,42.8,NA,"As75",0.127280190825416,0.8
"263",59,"Sample","QC","SS",1.5578,42.8,NA,"Cr52",4.32400821772227,0.8
"264",59,"Sample","QC","SS",1.5578,42.8,NA,"Cr53",0.527109301664546,0.6
"265",65,"Cal1","","",NA,NA,0,"Pb208",0.0074261601697271,0.833981376873725
"266",65,"Cal1","","",NA,NA,0,"Cr52",0.0168641368911452,4.02698537586311
"267",65,"Cal1","","",NA,NA,0,"Cr53",0.00179508245071221,4.01191697883862
"268",65,"Cal1","","",NA,NA,0,"Cd114",7.71629621377422e-05,4.27794134702624
"269",65,"Cal1","","",NA,NA,0,"As75",0.00493764430858473,1.74887388465628
"270",65,"Cal1","","",NA,NA,0,"Cd111",2.75670571724234e-05,17.1393057860943
"271",66,"Cal1","","",NA,NA,0.5,"Cd111",0.0290167040362118,1.19095134683077
"272",66,"Cal1","","",NA,NA,0.5,"As75",0.0163767608893514,0.373963968466448
"273",66,"Cal1","","",NA,NA,0.5,"Cr52",0.11321244130916,0.880495631342761
"274",66,"Cal1","","",NA,NA,0.5,"Cd114",0.0686228137106289,0.327041000743658
"275",66,"Cal1","","",NA,NA,0.5,"Cr53",0.0132046810594129,0.584903261641448
"276",66,"Cal1","","",NA,NA,0.5,"Pb208",0.0374688507332884,0.844612858783824
"277",67,"Cal1","","",NA,NA,1,"Cd111",0.055913128118275,1.69916291401753
"278",67,"Cal1","","",NA,NA,1,"Cr53",0.0244293826511016,1.87273370679551
"279",67,"Cal1","","",NA,NA,1,"Pb208",0.0695996722653704,9.15031934092725
"280",67,"Cal1","","",NA,NA,1,"As75",0.0269089108807534,3.76748621909528
"281",67,"Cal1","","",NA,NA,1,"Cd114",0.140872242678894,0.922166973960405
"282",67,"Cal1","","",NA,NA,1,"Cr52",0.203903997308818,1.48228176170417
"283",68,"Cal1","","",NA,NA,2,"Cd111",0.112717951306397,3.65847162464144
"284",68,"Cal1","","",NA,NA,2,"As75",0.046925197985185,1.98289652264713
"285",68,"Cal1","","",NA,NA,2,"Cr52",0.372294560760756,1.76854406809408
"286",68,"Cal1","","",NA,NA,2,"Cr53",0.0462712407813658,1.48836577256009
"287",68,"Cal1","","",NA,NA,2,"Cd114",0.276031414994869,0.951946469577514
"288",68,"Cal1","","",NA,NA,2,"Pb208",0.125681595107793,3.99094338999266
"289",69,"Cal1","","",NA,NA,5,"Pb208",0.311469808637375,1.77033682232654
"290",69,"Cal1","","",NA,NA,5,"Cd111",0.273444894045143,0.927115162033719
"291",69,"Cal1","","",NA,NA,5,"Cd114",0.690350646263302,0.18043704398558
"292",69,"Cal1","","",NA,NA,5,"As75",0.112750117698672,1.39898114889515
"293",69,"Cal1","","",NA,NA,5,"Cr52",0.899497011710586,0.623288960627108
"294",69,"Cal1","","",NA,NA,5,"Cr53",0.110106619904917,0.928872539230507
"295",70,"Cal1","","",NA,NA,10,"Pb208",0.603453436075465,0.353850437173042
"296",70,"Cal1","","",NA,NA,10,"Cr52",1.75761846225382,0.183887637384877
"297",70,"Cal1","","",NA,NA,10,"Cr53",0.215937130201422,0.555144303634555
"298",70,"Cal1","","",NA,NA,10,"As75",0.216496817470684,0.349830516748513
"299",70,"Cal1","","",NA,NA,10,"Cd114",1.36146141888148,0.136477627475468
"300",70,"Cal1","","",NA,NA,10,"Cd111",0.546076782215622,1.96201802384612
"301",71,"Cal1","","",NA,NA,20,"Pb208",1.17805040470453,0.97013744963132
"302",71,"Cal1","","",NA,NA,20,"Cr53",0.425534407469603,0.124206705844225
"303",71,"Cal1","","",NA,NA,20,"Cr52",3.50542207264209,0.346858773991161
"304",71,"Cal1","","",NA,NA,20,"Cd114",2.72715945940982,0.279955318770712
"305",71,"Cal1","","",NA,NA,20,"As75",0.426969225408559,0.583624624439032
"306",71,"Cal1","","",NA,NA,20,"Cd111",1.08935726558356,0.231075006510365
"307",72,"Cal1","","",NA,NA,50,"Cr52",10.333717725562,0.186228149886584
"308",72,"Cal1","","",NA,NA,50,"Pb208",3.11163430347355,0.225678735578522
"309",72,"Cal1","","",NA,NA,50,"Cr53",1.27156992072455,0.113525397203928
"310",72,"Cal1","","",NA,NA,50,"As75",1.10065002723353,0.0502359113624309
"311",72,"Cal1","","",NA,NA,50,"Cd114",8.10704926262757,0.11095007063485
"312",72,"Cal1","","",NA,NA,50,"Cd111",3.25802054244776,0.107874870839656
"313",73,"Cal1","","",NA,NA,100,"Cd114",14.0077649475014,0.0758530136089567
"314",73,"Cal1","","",NA,NA,100,"Cd111",5.58180571867622,0.19621770068316
"315",73,"Cal1","","",NA,NA,100,"Cr52",17.9845884103558,0.26105283777844
"316",73,"Cal1","","",NA,NA,100,"Pb208",6.0688830628795,0.177499387344754
"317",73,"Cal1","","",NA,NA,100,"As75",2.17354952859115,0.192001304080997
"318",73,"Cal1","","",NA,NA,100,"Cr53",2.17431874901256,0.0500952367761787
"319",74,"Cal1","","",NA,NA,500,"Pb208",31.2974055863826,0.104263023440277
"320",74,"Cal1","","",NA,NA,500,"Cr53",10.9140908210173,0.158544911059459
"321",74,"Cal1","","",NA,NA,500,"Cd111",27.9414331518625,0.184793642917243
"322",74,"Cal1","","",NA,NA,500,"Cd114",71.7925470655592,0.0975851496113842
"323",74,"Cal1","","",NA,NA,500,"Cr52",90.3114127889007,0.18168326064851
"324",74,"Cal1","","",NA,NA,500,"As75",10.9213683949176,0.163012934289175
"325",75,"Cal1","","",NA,NA,1000,"Pb208",64.3916919518316,0.24785838635492
"326",75,"Cal1","","",NA,NA,1000,"As75",23.5464193047255,0.708924808879663
"327",75,"Cal1","","",NA,NA,1000,"Cd114",150.600353007916,0.208538626937912
"328",75,"Cal1","","",NA,NA,1000,"Cr52",190.290308765173,0.209486435537895
"329",75,"Cal1","","",NA,NA,1000,"Cr53",23.2439941266076,0.238270289730743
"330",75,"Cal1","","",NA,NA,1000,"Cd111",59.0415321779764,0.462070268633694
"331",76,"Cal2","","",NA,NA,0,"Cr52",0.0168640955653574,4.02970297029703
"332",76,"Cal2","","",NA,NA,0,"As75",0.00493764430858473,1.75247524752475
"333",76,"Cal2","","",NA,NA,0,"Cd111",2.75257272557519e-05,17.1485148514851
"334",76,"Cal2","","",NA,NA,0,"Cd114",7.71216322210708e-05,4.27722772277228
"335",76,"Cal2","","",NA,NA,0,"Cr53",0.00179512378021971,4.00990099009901
"336",76,"Cal2","","",NA,NA,0,"Pb208",0.0074261188402196,0.831683168316832
"337",77,"Cal2","","",NA,NA,0.5,"Cr53",0.0132046354650115,0.590909090909091
"338",77,"Cal2","","",NA,NA,0.5,"Cd114",0.068622768120331,0.318181818181818
"339",77,"Cal2","","",NA,NA,0.5,"As75",0.0163768064796493,0.386363636363636
"340",77,"Cal2","","",NA,NA,0.5,"Cr52",0.113212486899458,0.886363636363636
"341",77,"Cal2","","",NA,NA,0.5,"Pb208",0.0374688507332884,0.840909090909091
"342",77,"Cal2","","",NA,NA,0.5,"Cd111",0.0290166584459139,1.20454545454545
"343",78,"Cal2","","",NA,NA,1,"As75",0.0269088643141694,3.5
"344",78,"Cal2","","",NA,NA,1,"Cr52",0.203903988070618,1.25
"345",78,"Cal2","","",NA,NA,1,"Cd111",0.0559131255850404,1.5
"346",78,"Cal2","","",NA,NA,1,"Cd114",0.140872281603065,0.75
"347",78,"Cal2","","",NA,NA,1,"Cr53",0.0244293815442889,1.75
"348",78,"Cal2","","",NA,NA,1,"Pb208",0.0695996691120448,8.25
"349",79,"Cal2","","",NA,NA,2,"Cd114",0.276031402475276,1
"350",79,"Cal2","","",NA,NA,2,"Pb208",0.125681544010878,4.125
"351",79,"Cal2","","",NA,NA,2,"As75",0.0469251504603193,2
"352",79,"Cal2","","",NA,NA,2,"Cd111",0.112717991590539,3.75
"353",79,"Cal2","","",NA,NA,2,"Cr52",0.372294543875083,1.75
"354",79,"Cal2","","",NA,NA,2,"Cr53",0.0462712386827021,1.5
"355",80,"Cal2","","",NA,NA,5,"Cr52",0.89949697099131,0.6
"356",80,"Cal2","","",NA,NA,5,"Cr53",0.110106569610784,0.933333333333333
"357",80,"Cal2","","",NA,NA,5,"Pb208",0.311469749268526,1.8
"358",80,"Cal2","","",NA,NA,5,"As75",0.112750112594594,1.4
"359",80,"Cal2","","",NA,NA,5,"Cd111",0.273444926935522,0.933333333333333
"360",80,"Cal2","","",NA,NA,5,"Cd114",0.690350660280801,0.2
"361",81,"Cal2","","",NA,NA,10,"Cd111",0.546076761828358,1.91666666666667
"362",81,"Cal2","","",NA,NA,10,"Cr52",1.75761849668571,0.166666666666667
"363",81,"Cal2","","",NA,NA,10,"Cr53",0.215937184813369,0.583333333333333
"364",81,"Cal2","","",NA,NA,10,"As75",0.216496782280843,0.333333333333333
"365",81,"Cal2","","",NA,NA,10,"Cd114",1.36146152453826,0.166666666666667
"366",81,"Cal2","","",NA,NA,10,"Pb208",0.603453508092111,0.333333333333333
"367",82,"Cal2","","",NA,NA,20,"As75",0.426969286737865,0.571428571428571
"368",82,"Cal2","","",NA,NA,20,"Cr52",3.50542222330063,0.333333333333333
"369",82,"Cal2","","",NA,NA,20,"Cr53",0.425534468737243,0.142857142857143
"370",82,"Cal2","","",NA,NA,20,"Cd111",1.08935726942402,0.238095238095238
"371",82,"Cal2","","",NA,NA,20,"Cd114",2.72715961921115,0.285714285714286
"372",82,"Cal2","","",NA,NA,20,"Pb208",1.17805049831434,1
"373",83,"Cal2","","",NA,NA,50,"Cr52",10.3337181433819,0.183673469387755
"374",83,"Cal2","","",NA,NA,50,"Cd114",8.10704962518624,0.102040816326531
"375",83,"Cal2","","",NA,NA,50,"Cr53",1.27157002231236,0.122448979591837
"376",83,"Cal2","","",NA,NA,50,"As75",1.10065003173474,0.0408163265306122
"377",83,"Cal2","","",NA,NA,50,"Cd111",3.25802064383251,0.102040816326531
"378",83,"Cal2","","",NA,NA,50,"Pb208",3.11163444263022,0.224489795918367
"379",84,"Cal2","","",NA,NA,100,"As75",2.17354947596859,0.2
"380",84,"Cal2","","",NA,NA,100,"Cr52",17.9845876100613,0.266666666666667
"381",84,"Cal2","","",NA,NA,100,"Cr53",2.17431865225775,0.0333333333333333
"382",84,"Cal2","","",NA,NA,100,"Pb208",6.06888283691886,0.166666666666667
"383",84,"Cal2","","",NA,NA,100,"Cd111",5.58180542619395,0.2
"384",84,"Cal2","","",NA,NA,100,"Cd114",14.0077643241712,0.0666666666666667
"385",85,"Cal2","","",NA,NA,500,"Cr52",90.3114087986326,0.177777777777778
"386",85,"Cal2","","",NA,NA,500,"Cd111",27.9414318775092,0.177777777777778
"387",85,"Cal2","","",NA,NA,500,"Cd114",71.7925439333231,0.0888888888888889
"388",85,"Cal2","","",NA,NA,500,"Cr53",10.91409029501,0.155555555555556
"389",85,"Cal2","","",NA,NA,500,"As75",10.9213679561594,0.155555555555556
"390",85,"Cal2","","",NA,NA,500,"Pb208",31.2974042433607,0.111111111111111
"391",86,"Cal2","","",NA,NA,1000,"Cd114",150.600353007916,0.2
"392",86,"Cal2","","",NA,NA,1000,"Pb208",64.3916919518316,0.3
"393",86,"Cal2","","",NA,NA,1000,"Cr52",190.290308765173,0.2
"394",86,"Cal2","","",NA,NA,1000,"Cr53",23.2439941266076,0.2
"395",86,"Cal2","","",NA,NA,1000,"As75",23.5464193047255,0.7
"396",86,"Cal2","","",NA,NA,1000,"Cd111",59.0415321367693,0.5
"397",87,"Cal3","","",NA,NA,0,"Cr53",0.00179512378021971,4.00990099009901
"398",87,"Cal3","","",NA,NA,0,"As75",0.00493764430858473,1.75247524752475
"399",87,"Cal3","","",NA,NA,0,"Cd111",2.75257272557519e-05,17.1485148514851
"400",87,"Cal3","","",NA,NA,0,"Cd114",7.71216322210708e-05,4.27722772277228
"401",87,"Cal3","","",NA,NA,0,"Pb208",0.0074261188402196,0.831683168316832
"402",87,"Cal3","","",NA,NA,0,"Cr52",0.0168640955653574,4.02970297029703
"403",88,"Cal3","","",NA,NA,0.5,"Cr52",0.113212486899458,0.886363636363636
"404",88,"Cal3","","",NA,NA,0.5,"Cr53",0.0132046354650115,0.590909090909091
"405",88,"Cal3","","",NA,NA,0.5,"As75",0.0163768064796493,0.386363636363636
"406",88,"Cal3","","",NA,NA,0.5,"Cd114",0.068622768120331,0.318181818181818
"407",88,"Cal3","","",NA,NA,0.5,"Pb208",0.0374688507332884,0.840909090909091
"408",88,"Cal3","","",NA,NA,0.5,"Cd111",0.0290166584459139,1.20454545454545
"409",89,"Cal3","","",NA,NA,1,"Cr52",0.203903988070618,1.25
"410",89,"Cal3","","",NA,NA,1,"As75",0.0269088643141694,3.5
"411",89,"Cal3","","",NA,NA,1,"Cd111",0.0559131255850404,1.5
"412",89,"Cal3","","",NA,NA,1,"Cd114",0.140872281603065,0.75
"413",89,"Cal3","","",NA,NA,1,"Pb208",0.0695996691120448,8.25
"414",89,"Cal3","","",NA,NA,1,"Cr53",0.0244293815442889,1.75
"415",90,"Cal3","","",NA,NA,2,"Cr53",0.0462712386827021,1.5
"416",90,"Cal3","","",NA,NA,2,"As75",0.0469251504603193,2
"417",90,"Cal3","","",NA,NA,2,"Cd111",0.112717991590539,3.75
"418",90,"Cal3","","",NA,NA,2,"Cr52",0.372294543875083,1.75
"419",90,"Cal3","","",NA,NA,2,"Pb208",0.125681544010878,4.125
"420",90,"Cal3","","",NA,NA,2,"Cd114",0.276031402475276,1
"421",91,"Cal3","","",NA,NA,5,"Cr52",0.89949697099131,0.6
"422",91,"Cal3","","",NA,NA,5,"Cr53",0.110106569610784,0.933333333333333
"423",91,"Cal3","","",NA,NA,5,"As75",0.112750112594594,1.4
"424",91,"Cal3","","",NA,NA,5,"Cd111",0.273444926935522,0.933333333333333
"425",91,"Cal3","","",NA,NA,5,"Cd114",0.690350660280801,0.2
"426",91,"Cal3","","",NA,NA,5,"Pb208",0.311469749268526,1.8
"427",92,"Cal3","","",NA,NA,10,"Cr52",1.75761849668571,0.166666666666667
"428",92,"Cal3","","",NA,NA,10,"Cr53",0.215937184813369,0.583333333333333
"429",92,"Cal3","","",NA,NA,10,"As75",0.216496782280843,0.333333333333333
"430",92,"Cal3","","",NA,NA,10,"Cd111",0.546076761828358,1.91666666666667
"431",92,"Cal3","","",NA,NA,10,"Cd114",1.36146152453826,0.166666666666667
"432",92,"Cal3","","",NA,NA,10,"Pb208",0.603453508092111,0.333333333333333
"433",93,"Cal3","","",NA,NA,20,"Cr52",3.50542222330063,0.333333333333333
"434",93,"Cal3","","",NA,NA,20,"Cr53",0.425534468737243,0.142857142857143
"435",93,"Cal3","","",NA,NA,20,"As75",0.426969286737865,0.571428571428571
"436",93,"Cal3","","",NA,NA,20,"Cd114",2.72715961921115,0.285714285714286
"437",93,"Cal3","","",NA,NA,20,"Pb208",1.17805049831434,1
"438",93,"Cal3","","",NA,NA,20,"Cd111",1.08935726942402,0.238095238095238
"439",94,"Cal3","","",NA,NA,50,"Cr52",10.3337181433819,0.183673469387755
"440",94,"Cal3","","",NA,NA,50,"Cr53",1.27157002231236,0.122448979591837
"441",94,"Cal3","","",NA,NA,50,"As75",1.10065003173474,0.0408163265306122
"442",94,"Cal3","","",NA,NA,50,"Cd114",8.10704962518624,0.102040816326531
"443",94,"Cal3","","",NA,NA,50,"Pb208",3.11163444263022,0.224489795918367
"444",94,"Cal3","","",NA,NA,50,"Cd111",3.25802064383251,0.102040816326531
"445",95,"Cal3","","",NA,NA,100,"Cr52",17.9845876100613,0.266666666666667
"446",95,"Cal3","","",NA,NA,100,"As75",2.17354947596859,0.2
"447",95,"Cal3","","",NA,NA,100,"Cd111",5.58180542619395,0.2
"448",95,"Cal3","","",NA,NA,100,"Cd114",14.0077643241712,0.0666666666666667
"449",95,"Cal3","","",NA,NA,100,"Cr53",2.17431865225775,0.0333333333333333
"450",95,"Cal3","","",NA,NA,100,"Pb208",6.06888283691886,0.166666666666667
"451",96,"Cal3","","",NA,NA,500,"Cr53",10.91409029501,0.155555555555556
"452",96,"Cal3","","",NA,NA,500,"As75",10.9213679561594,0.155555555555556
"453",96,"Cal3","","",NA,NA,500,"Cd111",27.9414318775092,0.177777777777778
"454",96,"Cal3","","",NA,NA,500,"Cr52",90.3114087986326,0.177777777777778
"455",96,"Cal3","","",NA,NA,500,"Pb208",31.2974042433607,0.111111111111111
"456",96,"Cal3","","",NA,NA,500,"Cd114",71.7925439333231,0.0888888888888889
"457",97,"Cal3","","",NA,NA,1000,"Cr52",190.290308765173,0.2
"458",97,"Cal3","","",NA,NA,1000,"Cr53",23.2439941266076,0.2
"459",97,"Cal3","","",NA,NA,1000,"Cd111",59.0415321367693,0.5
"460",97,"Cal3","","",NA,NA,1000,"Cd114",150.600353007916,0.2
"461",97,"Cal3","","",NA,NA,1000,"Pb208",64.3916919518316,0.3
"462",97,"Cal3","","",NA,NA,1000,"As75",23.5464193047255,0.7
